DELETE FROM mm_db.attendances WHERE 1=1;
DELETE FROM mm_db.evaluations WHERE 1=1;
DELETE FROM mm_db.histories WHERE 1=1;
DELETE FROM mm_db.rewards WHERE 1=1;
DELETE FROM mm_db.wages WHERE 1=1;
DELETE FROM mm_db.department_employe WHERE 1=1;
DELETE FROM mm_db.employe WHERE 1=1;
DELETE FROM mm_db.departments WHERE 1=1;

INSERT INTO mm_db.departments (id,dcode, dname, description, modified, created) 
	VALUES (1,'D001', '人事部', '人事管理', '2014-06-15 18:35:08.722', '2014-02-21 12:11:11.0'),
	 (2,'D002', '经理部', '经理部', '2014-06-15 18:35:21.312755', '2014-12-12 00:00:00.0'),
	 (3,'D003', '管理部', '点点滴滴', '2014-06-15 18:35:28.297218', '2014-12-12 00:00:00.0'),
	 (4,'D004', '后勤部', '后勤管理描述', '2014-06-15 18:35:51.319969', '2014-12-12 00:00:00.0');


INSERT INTO mm_db.employe (id,ecode, ename, uid, sex, ethnic, birthday, wenhua, hunyin, jiguan, bumen, tell, workstart, workleave, zhiwu, status, bankname, bankno, description, modified, created) 
	VALUES 
     (1,'E00000', '张三1', '210231232342348234', 1, '汉民族', '2012/02/07', NULL, '未婚', '广州', '2', '123456789', '2014/06/05', '2014/06/30', NULL, '在职', '建行', '1434283472315345', '无', '2014-12-12 00:00:00.0', '2014-12-12 00:00:00.0'),
	 (2,'E00001', '张三2', '210231232342348234', 1, '汉民族', '2012/02/07', NULL, '未婚', '广州', '2', '123456789', '2014/06/05', '2014/06/30', NULL, '在职', '建行', '1434283472315345', '无', '2014-12-12 00:00:00.0', '2014-12-12 00:00:00.0'),
	 (3,'E00002', '张三3', '210231232342348234', 1, '汉民族', '2012/02/07', NULL, '未婚', '广州', '2', '123456789', '2014/06/05', '2014/06/30', NULL, '在职', '建行', '1434283472315345', '无', '2014-12-12 00:00:00.0', '2014-12-12 00:00:00.0'),
	 (4,'E00003', '张三4', '210231232342348234', 1, '汉民族', '2012/02/07', NULL, '未婚', '广州', '2', '123456789', '2014/06/05', '2014/06/30', NULL, '在职', '建行', '1434283472315345', '无', '2014-12-12 00:00:00.0', '2014-12-12 00:00:00.0'),
	 (5,'E00004', '张三5', '210231232342348234', 1, '汉民族', '2012/02/07', NULL, '未婚', '广州', '2', '123456789', '2014/06/05', '2014/06/30', NULL, '在职', '建行', '1434283472315345', '无', '2014-12-12 00:00:00.0', '2014-12-12 00:00:00.0'),
	 (6,'E00005', '张三6', '210231232342348234', 1, '汉民族', '2012/02/07', NULL, '未婚', '广州', '2', '123456789', '2014/06/05', '2014/06/30', NULL, '在职', '建行', '1434283472315345', '无', '2014-12-12 00:00:00.0', '2014-12-12 00:00:00.0'),
	 (7,'E00006', '张三7', '210231232342348234', 1, '汉民族', '2012/02/07', NULL, '未婚', '广州', '2', '123456789', '2014/06/05', '2014/06/30', NULL, '在职', '建行', '1434283472315345', '无', '2014-12-12 00:00:00.0', '2014-12-12 00:00:00.0'),
	 (8,'E00007', '张三8', '210231232342348234', 1, '汉民族', '2012/02/07', NULL, '未婚', '广州', '2', '123456789', '2014/06/05', '2014/06/30', NULL, '在职', '建行', '1434283472315345', '无', '2014-12-12 00:00:00.0', '2014-12-12 00:00:00.0'),
	 (9,'E00008', '张三9', '210231232342348234', 1, '汉民族', '2012/02/07', NULL, '未婚', '广州', '2', '123456789', '2014/06/05', '2014/06/30', NULL, '在职', '建行', '1434283472315345', '无', '2014-12-12 00:00:00.0', '2014-12-12 00:00:00.0'),
	 (10,'E00009', '张三10', '210231232342348234', 1, '汉民族', '2012/02/07', NULL, '未婚', '广州', '2', '123456789', '2014/06/05', '2014/06/30', NULL, '在职', '建行', '1434283472315345', '无', '2014-12-12 00:00:00.0', '2014-12-12 00:00:00.0'),
	 (11,'E00010', '张三11', '210231232342348234', 1, '汉民族', '2012/02/07', NULL, '未婚', '广州', '2', '123456789', '2014/06/05', '2014/06/30', NULL, '在职', '建行', '1434283472315345', '无', '2014-12-12 00:00:00.0', '2014-12-12 00:00:00.0'),
	 (12,'E00011', '张三12', '210231232342348234', 1, '汉民族', '2012/02/07', NULL, '未婚', '广州', '2', '123456789', '2014/06/05', '2014/06/30', NULL, '在职', '建行', '1434283472315345', '无', '2014-12-12 00:00:00.0', '2014-12-12 00:00:00.0'),
	 (13,'E00012', '张三13', '210231232342348234', 1, '汉民族', '2012/02/07', NULL, '未婚', '广州', '2', '123456789', '2014/06/05', '2014/06/30', NULL, '在职', '建行', '1434283472315345', '无', '2014-12-12 00:00:00.0', '2014-12-12 00:00:00.0'),
	 (14,'E00013', '张三14', '210231232342348234', 1, '汉民族', '2012/02/07', NULL, '未婚', '广州', '2', '123456789', '2014/06/05', '2014/06/30', NULL, '在职', '建行', '1434283472315345', '无', '2014-12-12 00:00:00.0', '2014-12-12 00:00:00.0'),
	 (15,'E00014', '张三15', '210231232342348234', 1, '汉民族', '2012/02/07', NULL, '未婚', '广州', '2', '123456789', '2014/06/05', '2014/06/30', NULL, '在职', '建行', '1434283472315345', '无', '2014-12-12 00:00:00.0', '2014-12-12 00:00:00.0'),
	 (16,'E00015', '张三16', '210231232342348234', 1, '汉民族', '2012/02/07', NULL, '未婚', '广州', '2', '123456789', '2014/06/05', '2014/06/30', NULL, '在职', '建行', '1434283472315345', '无', '2014-12-12 00:00:00.0', '2014-12-12 00:00:00.0'),
	 (17,'E00016', '张三17', '210231232342348234', 1, '汉民族', '2012/02/07', NULL, '未婚', '广州', '2', '123456789', '2014/06/05', '2014/06/30', NULL, '在职', '建行', '1434283472315345', '无', '2014-12-12 00:00:00.0', '2014-12-12 00:00:00.0'),
	 (18,'E00017', '张三18', '210231232342348234', 1, '汉民族', '2012/02/07', NULL, '未婚', '广州', '2', '123456789', '2014/06/05', '2014/06/30', NULL, '在职', '建行', '1434283472315345', '无', '2014-12-12 00:00:00.0', '2014-12-12 00:00:00.0');

INSERT INTO mm_db.department_employe (id,employe_id, department_id, beizhu, modified, created) 
	VALUES 
     (1,1, 1, '无', '2014-06-15 18:30:09.027282', '2014-06-15 18:45:20.251'),
	 (2,2, 1, '无', '2014-06-15 18:30:09.027282', '2014-06-15 18:45:20.251'),
	 (3,3, 1, '无', '2014-06-15 18:30:09.027282', '2014-06-15 18:45:20.251'),
	 (4,4, 1, '无', '2014-06-15 18:30:09.027282', '2014-06-15 18:45:20.251'),
	 (5,5, 2, '无', '2014-06-15 18:30:09.027282', '2014-06-15 18:45:20.251'),
	 (6,6, 2, '无', '2014-06-15 18:30:09.027282', '2014-06-15 18:45:20.251'),
	 (7,7, 2, '无', '2014-06-15 18:30:09.027282', '2014-06-15 18:45:20.251'),
	 (8,8, 2, '无', '2014-06-15 18:30:09.027282', '2014-06-15 18:45:20.251'),
	 (9,9, 2, '无', '2014-06-15 18:30:09.027282', '2014-06-15 18:45:20.251'),
	 (10,10, 2, '无', '2014-06-15 18:30:09.027282', '2014-06-15 18:45:20.251'),
	 (11,11, 2, '无', '2014-06-15 18:30:09.027282', '2014-06-15 18:45:20.251'),
	 (12,12, 2, '无', '2014-06-15 18:30:09.027282', '2014-06-15 18:45:20.251'),
	 (13,13, 2, '无', '2014-06-15 18:30:09.027282', '2014-06-15 18:45:20.251'),
	 (14,14, 2, '无', '2014-06-15 18:30:09.027282', '2014-06-15 18:45:20.251'),
	 (15,15, 2, '无', '2014-06-15 18:30:09.027282', '2014-06-15 18:45:20.251'),
	 (16,16, 2, '无', '2014-06-15 18:30:09.027282', '2014-06-15 18:45:20.251'),
	 (17,17, 2, '无', '2014-06-15 18:30:09.027282', '2014-06-15 18:45:20.251'),
	 (18,18, 2, '无', '2014-06-15 18:30:09.027282', '2014-06-15 18:45:20.251');